{
    "NVDA": [
        {
            "Date": "2024-12-18 00:00:00-05:00",
            "Open": 133.86000061035156,
            "High": 136.6999969482422,
            "Low": 128.27999877929688,
            "Close": 128.91000366210938,
            "Volume": 277444500,
            "Dividends": 0.0,
            "Stock Splits": 0.0
        }
    ]
}